{"cameraMode":{"drawMode":0,"name":"Shaded","section":"Shading Mode"},"sceneLighting":true,"audioPlay":false,"sceneViewState":{"showFog":true,"showMaterialUpdate":false,"showSkybox":false,"showFlares":true,"showImageEffects":true,"showParticleSystems":true},"in2DMode":false,"pivot":{"x":80.69328308105469,"y":24.484390258789064,"z":55.743656158447269},"rotation":{"x":0.23348088562488557,"y":0.7029473781585693,"z":-0.26604506373405459,"w":0.6169073581695557},"size":4.259407043457031,"orthographic":false}